,zone,month,min_value,min_model,median_value,median_model,max_value,max_model,confidence_intervals
0,Almaty Region,Temp_max_jan,-4.786932883789129,BCC-CSM2-MR,-3.6708522833833457,HadGEM3-GC31-LL,-2.7724339643149425,FIO-ESM-2-0,"(-3.974930536163681, -3.276942760504019)"
1,Altai Republic,Temp_max_jan,-12.693327863743033,MPI-ESM1-2-HR,-11.80054291031094,GISS-E2-1-G,-10.836037190158404,EC-Earth3-Veg,"(-12.128135107390774, -11.451058014041182)"
2,Altai krai,Temp_max_jan,-9.526710493034477,MPI-ESM1-2-HR,-8.255879591797028,INM-CM5-0,-7.546805685267336,FIO-ESM-2-0,"(-8.806086817109788, -8.046301519755696)"
3,Altay Prefecture,Temp_max_jan,-10.65769675925926,BCC-CSM2-MR,-9.881544863315696,GFDL-ESM4,-9.152909659234064,FIO-ESM-2-0,"(-10.100769943210432, -9.550021587789432)"
4,BayanUlgii,Temp_max_jan,-15.371981424148608,BCC-CSM2-MR,-14.395108117260062,MIROC6,-13.813839976780184,FIO-ESM-2-0,"(-14.71577211676985, -14.13342058536161)"
5,Bortala Mongol AP,Temp_max_jan,-8.697005492631005,BCC-CSM2-MR,-7.522145976294448,INM-CM5-0,-6.754460630458516,ACCESS-CM2,"(-7.882700366426416, -7.285772433971875)"
6,Changji Hui AP,Temp_max_jan,-8.498973504295893,BCC-CSM2-MR,-7.442624292749372,UKESM1-0-LL,-6.566953059513831,ACCESS-CM2,"(-7.848742777024534, -7.219221099293251)"
7,East Kazakhstan Region,Temp_max_jan,-9.213313166633124,BCC-CSM2-MR,-8.136984459901388,CMCC-ESM2,-7.101795978818676,FIO-ESM-2-0,"(-8.50825976780593, -7.76855987939131)"
8,Govi-Altai,Temp_max_jan,-9.851470882196162,BCC-CSM2-MR,-8.984391657782515,INM-CM5-0,-8.335554371002132,GISS-E2-1-G,"(-9.270021061817491, -8.713636628440014)"
9,Ili Kazakh Autonomous Prefecture,Temp_max_jan,-9.909310086410718,BCC-CSM2-MR,-9.011685325658636,MRI-ESM2-0,-8.153591885273586,ACCESS-CM2,"(-9.249406815779938, -8.676088162178942)"
10,Khovd,Temp_max_jan,-14.355659520348835,BCC-CSM2-MR,-13.351666969476744,INM-CM5-0,-12.429748819040698,GISS-E2-1-G,"(-13.708965288563192, -13.093539300174136)"
11,Pavlodar Region,Temp_max_jan,-10.335316617084572,MPI-ESM1-2-HR,-9.347173986665958,HadGEM3-GC31-LL,-8.250244036867828,FIO-ESM-2-0,"(-9.650522498732247, -8.905107180237316)"
12,Tyva Republic,Temp_max_jan,-19.19853138145885,MPI-ESM1-2-HR,-18.15103505238511,INM-CM5-0,-17.485260486943407,ACCESS-CM2,"(-18.499882108679458, -17.865322013137288)"
13,Uvs,Temp_max_jan,-20.6891000751503,BCC-CSM2-MR,-19.617275175350706,CMCC-ESM2,-19.1094376252505,UKESM1-0-LL,"(-19.97917101095926, -19.397764350147572)"
14,Zavkhan,Temp_max_jan,-19.07395008053282,BCC-CSM2-MR,-18.021488115967266,MIROC6,-17.290475905450112,ACCESS-CM2,"(-18.42245571960864, -17.81924153055544)"
15,Almaty Region,Temp_max_jan_std,3.158300593389218,ACCESS-CM2,3.3131951474102097,MIROC6,3.3861364396020392,UKESM1-0-LL,"(3.2437015352714806, 3.327841326215062)"
16,Altai Republic,Temp_max_jan_std,3.611831588277519,GFDL-ESM4,3.73788970607586,MIROC6,4.010193740717103,EC-Earth3-Veg,"(3.6719786518026494, 3.8036781338434604)"
17,Altai krai,Temp_max_jan_std,1.3530023875746735,GFDL-ESM4,1.4898623157178006,MPI-ESM1-2-HR,1.6082406091037704,MRI-ESM2-0,"(1.4216075659189333, 1.5187238685644475)"
18,Altay Prefecture,Temp_max_jan_std,2.3185713309454266,GFDL-ESM4,2.5050035645479216,MPI-ESM1-2-HR,2.6208814690062736,ACCESS-CM2,"(2.439554514079951, 2.5325673009635064)"
19,BayanUlgii,Temp_max_jan_std,1.7839288705596856,GISS-E2-1-G,1.8099158856156567,MPI-ESM1-2-HR,1.975376604484628,UKESM1-0-LL,"(1.7930125619315127, 1.8555608502753256)"
20,Bortala Mongol AP,Temp_max_jan_std,2.1024438105440564,UKESM1-0-LL,2.1249417427410013,HadGEM3-GC31-LL,2.1670336590711985,INM-CM5-0,"(2.1170041360047587, 2.1387445491397794)"
21,Changji Hui AP,Temp_max_jan_std,2.1141274929689797,CMCC-ESM2,2.303412324352796,MRI-ESM2-0,2.5013010144454264,UKESM1-0-LL,"(2.253454732969508, 2.370394313898018)"
22,East Kazakhstan Region,Temp_max_jan_std,1.5717405707326566,CMCC-ESM2,1.6366241656789875,GISS-E2-1-G,1.780646341332711,ACCESS-CM2,"(1.6225345048102253, 1.6875376112914988)"
23,Govi-Altai,Temp_max_jan_std,2.64621306265971,GFDL-ESM4,2.7919415485830323,INM-CM5-0,2.899998103192645,UKESM1-0-LL,"(2.740867742613384, 2.8266612349174673)"
24,Ili Kazakh Autonomous Prefecture,Temp_max_jan_std,2.757099389608564,GFDL-ESM4,2.853513141056035,EC-Earth3-Veg,2.975875202084648,ACCESS-CM2,"(2.8201348828167214, 2.894659909733198)"
25,Khovd,Temp_max_jan_std,2.6204579202218934,GFDL-ESM4,2.77772395028973,CMCC-ESM2,2.8903804349156643,MRI-ESM2-0,"(2.7372730970603447, 2.8489420934072784)"
26,Pavlodar Region,Temp_max_jan_std,1.069909704267037,INM-CM5-0,1.265414892337367,UKESM1-0-LL,1.398717411007629,HadGEM3-GC31-LL,"(1.1907797845704455, 1.319925314280289)"
27,Tyva Republic,Temp_max_jan_std,2.6536759010253754,MIROC6,2.7740489665126637,FIO-ESM-2-0,2.964708501979441,EC-Earth3-Veg,"(2.7144410297591057, 2.8195209401815293)"
28,Uvs,Temp_max_jan_std,3.4340029513128165,HadGEM3-GC31-LL,3.50266785663534,MPI-ESM1-2-HR,3.6425411716651537,GFDL-ESM4,"(3.4858681558084106, 3.551799631514986)"
29,Zavkhan,Temp_max_jan_std,3.05862018785552,UKESM1-0-LL,3.3608206639843683,MIROC6,3.4454010680931177,GISS-E2-1-G,"(3.270101170410871, 3.3970361959066664)"
30,Almaty Region,Temp_max_feb,-3.292770547040169,CMCC-ESM2,-2.0954032897428903,INM-CM5-0,-1.4809586629611948,FIO-ESM-2-0,"(-2.6167430445879054, -1.8983325118886267)"
31,Altai Republic,Temp_max_feb,-10.723525960692283,MPI-ESM1-2-HR,-8.936139859562921,FIO-ESM-2-0,-8.218450929524787,INM-CM5-0,"(-9.529335156802617, -8.753260528120776)"
32,Altai krai,Temp_max_feb,-8.726524194489844,MPI-ESM1-2-HR,-7.089952282278777,GISS-E2-1-G,-5.7614211222663245,HadGEM3-GC31-LL,"(-7.545782146561858, -6.623182850714195)"
33,Altay Prefecture,Temp_max_feb,-8.023645656179138,MPI-ESM1-2-HR,-6.775233154604434,MIROC6,-6.314512668493324,GISS-E2-1-G,"(-7.392873557054241, -6.614669426307195)"
34,BayanUlgii,Temp_max_feb,-12.55606859520124,MPI-ESM1-2-HR,-11.05399453366873,MRI-ESM2-0,-10.4738087751548,INM-CM5-0,"(-11.591245092003334, -10.822720472714455)"
35,Bortala Mongol AP,Temp_max_feb,-5.900998615876482,GFDL-ESM4,-4.832751335386774,MIROC6,-4.311915159076731,FIO-ESM-2-0,"(-5.245779997921867, -4.619645528210027)"
36,Changji Hui AP,Temp_max_feb,-5.522212908633697,GFDL-ESM4,-3.9116092243818095,BCC-CSM2-MR,-3.347883609794112,FIO-ESM-2-0,"(-4.565741560554001, -3.8202535987587383)"
37,East Kazakhstan Region,Temp_max_feb,-7.813524319531092,MPI-ESM1-2-HR,-6.415520759961763,ACCESS-CM2,-5.783573782451198,INM-CM5-0,"(-6.999639557322579, -6.2143938802790135)"
38,Govi-Altai,Temp_max_feb,-6.345746435234542,GFDL-ESM4,-4.802420375799573,MRI-ESM2-0,-4.203411513859275,BCC-CSM2-MR,"(-5.382755691399535, -4.574613583448751)"
39,Ili Kazakh Autonomous Prefecture,Temp_max_feb,-7.241966723429408,GFDL-ESM4,-5.947084429886287,ACCESS-CM2,-5.481282368835847,FIO-ESM-2-0,"(-6.6032495941565115, -5.887401333389261)"
40,Khovd,Temp_max_feb,-10.513740764292637,GFDL-ESM4,-9.050503421753875,MRI-ESM2-0,-8.225057533914729,GISS-E2-1-G,"(-9.694866026973004, -8.803377558111967)"
41,Pavlodar Region,Temp_max_feb,-10.228867569326392,MPI-ESM1-2-HR,-8.502624641415215,MRI-ESM2-0,-6.740193702188695,HadGEM3-GC31-LL,"(-9.000678170941953, -7.900000228564406)"
42,Tyva Republic,Temp_max_feb,-14.934653791967616,MPI-ESM1-2-HR,-13.31362856179062,FIO-ESM-2-0,-12.33187653782046,INM-CM5-0,"(-13.850903058076177, -13.01565934461756)"
43,Uvs,Temp_max_feb,-16.46861848697395,MPI-ESM1-2-HR,-15.112283942885773,UKESM1-0-LL,-14.277174661823649,INM-CM5-0,"(-15.639106516945102, -14.79896337283446)"
44,Zavkhan,Temp_max_feb,-14.336636720790528,MPI-ESM1-2-HR,-13.077990325178478,MRI-ESM2-0,-12.288054479366185,BCC-CSM2-MR,"(-13.618099328391688, -12.744528167958387)"
45,Almaty Region,Temp_max_feb_std,2.9093955213746483,INM-CM5-0,3.003544359255995,GFDL-ESM4,3.139460886170232,UKESM1-0-LL,"(2.970330403510189, 3.0444370875175752)"
46,Altai Republic,Temp_max_feb_std,3.5635589394824687,CMCC-ESM2,3.680018866810861,GFDL-ESM4,3.845143798187323,EC-Earth3-Veg,"(3.633720783140711, 3.748534836864536)"
47,Altai krai,Temp_max_feb_std,1.2826316424202588,GFDL-ESM4,1.5595267169670712,MIROC6,1.7044405651012915,EC-Earth3-Veg,"(1.435869738347422, 1.6107209783578853)"
48,Altay Prefecture,Temp_max_feb_std,2.473405047336021,GFDL-ESM4,2.742560610437206,GISS-E2-1-G,2.9040039733138787,MPI-ESM1-2-HR,"(2.674932000105379, 2.79457737102876)"
49,BayanUlgii,Temp_max_feb_std,2.3012135258808484,GFDL-ESM4,2.385879982298001,EC-Earth3-Veg,2.556203318118847,UKESM1-0-LL,"(2.356253686335257, 2.428730168624302)"
50,Bortala Mongol AP,Temp_max_feb_std,2.67630101903119,UKESM1-0-LL,2.7752866680351684,INM-CM5-0,2.8150510071863435,MPI-ESM1-2-HR,"(2.7504410220151123, 2.791076093585923)"
51,Changji Hui AP,Temp_max_feb_std,2.288202063337652,GFDL-ESM4,2.435319738164652,EC-Earth3-Veg,2.5936173303338776,UKESM1-0-LL,"(2.378228786245324, 2.495529910335814)"
52,East Kazakhstan Region,Temp_max_feb_std,1.5860067017410282,CMCC-ESM2,1.6764343172338452,INM-CM5-0,1.7630133141808615,FIO-ESM-2-0,"(1.6548136839614125, 1.715822460823263)"
53,Govi-Altai,Temp_max_feb_std,3.14223285723122,ACCESS-CM2,3.271680519627048,GFDL-ESM4,3.419430062770344,FIO-ESM-2-0,"(3.2131256441517344, 3.322693597960898)"
54,Ili Kazakh Autonomous Prefecture,Temp_max_feb_std,2.9031304090285657,GFDL-ESM4,3.0169452523726754,UKESM1-0-LL,3.1176221776768203,MPI-ESM1-2-HR,"(2.980549148496548, 3.0511884198122714)"
55,Khovd,Temp_max_feb_std,2.171492352183297,GFDL-ESM4,2.4613287533212973,CMCC-ESM2,2.5292943824735103,MIROC6,"(2.362879778035045, 2.492125426683449)"
56,Pavlodar Region,Temp_max_feb_std,1.0911353304588416,GFDL-ESM4,1.3335069421649492,EC-Earth3-Veg,1.4086350040622666,MRI-ESM2-0,"(1.2631905952331997, 1.364727218321234)"
57,Tyva Republic,Temp_max_feb_std,2.6136506937559565,MPI-ESM1-2-HR,2.683021330540924,UKESM1-0-LL,3.022134382839719,EC-Earth3-Veg,"(2.6437096628331864, 2.7724935773013066)"
58,Uvs,Temp_max_feb_std,3.476603458446464,INM-CM5-0,3.52091789544109,MPI-ESM1-2-HR,3.580584321638079,GFDL-ESM4,"(3.505871414682918, 3.540213389135099)"
59,Zavkhan,Temp_max_feb_std,2.835613032207627,UKESM1-0-LL,3.1636206204051565,HadGEM3-GC31-LL,3.2920598277826936,ACCESS-CM2,"(3.074778200521546, 3.2131360556383677)"
60,Almaty Region,Temp_max_mar,3.670115149526018,BCC-CSM2-MR,4.904071365852827,MRI-ESM2-0,5.929823364932142,HadGEM3-GC31-LL,"(4.5155706919065315, 5.298203323603464)"
61,Altai Republic,Temp_max_mar,-4.570548547961279,BCC-CSM2-MR,-2.996817363046348,INM-CM5-0,-2.456658844235846,ACCESS-CM2,"(-3.448727838970177, -2.7951039757115477)"
62,Altai krai,Temp_max_mar,-2.3756168403183127,BCC-CSM2-MR,-0.5875321188662542,ACCESS-CM2,-0.119698011974424,MRI-ESM2-0,"(-1.1256993402110322, -0.37453832992810643)"
63,Altay Prefecture,Temp_max_mar,-0.6070673205624842,BCC-CSM2-MR,0.8890778533635676,MRI-ESM2-0,1.2489668465765935,GISS-E2-1-G,"(0.3006828476310598, 0.995718132410173)"
64,BayanUlgii,Temp_max_mar,-6.002446546052632,BCC-CSM2-MR,-4.3822909612035605,MRI-ESM2-0,-3.769690281540248,ACCESS-CM2,"(-4.833990333666248, -4.125400062484619)"
65,Bortala Mongol AP,Temp_max_mar,1.7333749829421397,BCC-CSM2-MR,3.054023461868372,MRI-ESM2-0,4.183406113537118,MIROC6,"(2.5712371428401486, 3.344094504139374)"
66,Changji Hui AP,Temp_max_mar,3.833634023994133,BCC-CSM2-MR,5.121018440905281,MRI-ESM2-0,6.410813158136001,MIROC6,"(4.624463453931766, 5.420142954041023)"
67,East Kazakhstan Region,Temp_max_mar,-1.7431829294752466,BCC-CSM2-MR,-0.0506791889991384,GFDL-ESM4,0.7526715440418092,INM-CM5-0,"(-0.6585474887765516, 0.12784325061745305)"
68,Govi-Altai,Temp_max_mar,1.6213112381729744,BCC-CSM2-MR,3.179637526652452,CMCC-ESM2,4.331844682835821,HadGEM3-GC31-LL,"(2.632912859796531, 3.4762441955431855)"
69,Ili Kazakh Autonomous Prefecture,Temp_max_mar,0.4383923144685178,BCC-CSM2-MR,1.830415446971403,MRI-ESM2-0,2.458928301269421,MIROC6,"(1.3116039888075552, 2.019440646863065)"
70,Khovd,Temp_max_mar,-0.8901162790697674,BCC-CSM2-MR,0.6924612592357073,MRI-ESM2-0,1.3232946114946706,HadGEM3-GC31-LL,"(0.16061339269100927, 0.8971445127811474)"
71,Pavlodar Region,Temp_max_mar,-2.8843923066962387,BCC-CSM2-MR,-0.4315979548631401,FIO-ESM-2-0,0.2390140350251009,HadGEM3-GC31-LL,"(-1.2520906849709776, -0.2019140481438676)"
72,Tyva Republic,Temp_max_mar,-6.48397442257322,BCC-CSM2-MR,-4.665846495753631,GFDL-ESM4,-4.004952650011906,ACCESS-CM2,"(-5.187381104257835, -4.408118929703958)"
73,Uvs,Temp_max_mar,-6.337655780310621,BCC-CSM2-MR,-4.507595268662325,UKESM1-0-LL,-3.840441038326653,ACCESS-CM2,"(-5.0806095302741126, -4.310277050579905)"
74,Zavkhan,Temp_max_mar,-5.733345213738464,BCC-CSM2-MR,-4.282169597771199,CMCC-ESM2,-3.4588888102907887,HadGEM3-GC31-LL,"(-4.758088948596084, -4.002963124412528)"
75,Almaty Region,Temp_max_mar_std,3.942830754491188,FIO-ESM-2-0,4.053261664859475,EC-Earth3-Veg,4.272990846940732,UKESM1-0-LL,"(4.018794643670454, 4.119496342193035)"
76,Altai Republic,Temp_max_mar_std,3.760304450805705,HadGEM3-GC31-LL,3.825429086496212,ACCESS-CM2,4.016596653392659,MRI-ESM2-0,"(3.8014943413880644, 3.8892406399915878)"
77,Altai krai,Temp_max_mar_std,0.9423759799117732,HadGEM3-GC31-LL,1.126054997274683,EC-Earth3-Veg,1.3770340365078029,CMCC-ESM2,"(1.057105869564942, 1.2090893314763427)"
78,Altay Prefecture,Temp_max_mar_std,3.9710627020326954,GFDL-ESM4,4.127234375669374,FIO-ESM-2-0,4.327043753055778,MIROC6,"(4.0480612807976675, 4.167089075755986)"
79,BayanUlgii,Temp_max_mar_std,3.0768905406796474,GFDL-ESM4,3.181096581684141,ACCESS-CM2,3.303087214591472,UKESM1-0-LL,"(3.141384128383311, 3.204485864569579)"
80,Bortala Mongol AP,Temp_max_mar_std,5.169109217285094,UKESM1-0-LL,5.342851724734906,MRI-ESM2-0,5.425304011808999,GFDL-ESM4,"(5.297201464114715, 5.370557234724752)"
81,Changji Hui AP,Temp_max_mar_std,3.240011140155004,HadGEM3-GC31-LL,3.290868730920304,ACCESS-CM2,3.387520919720817,MRI-ESM2-0,"(3.2739964152323067, 3.330595909202793)"
82,East Kazakhstan Region,Temp_max_mar_std,2.261199433765909,EC-Earth3-Veg,2.3206416449432234,BCC-CSM2-MR,2.6479240369051618,INM-CM5-0,"(2.3158587402675317, 2.4863734453136126)"
83,Govi-Altai,Temp_max_mar_std,3.7599053393497672,CMCC-ESM2,3.8742431682646576,MPI-ESM1-2-HR,4.104273186575737,MIROC6,"(3.83241840035505, 3.9357038116767153)"
84,Ili Kazakh Autonomous Prefecture,Temp_max_mar_std,4.492249615644822,ACCESS-CM2,4.590136823056304,FIO-ESM-2-0,4.72357816159654,MIROC6,"(4.545268398372473, 4.624077680426277)"
85,Khovd,Temp_max_mar_std,3.13509248558364,GFDL-ESM4,3.2113274154307074,EC-Earth3-Veg,3.418430029529701,UKESM1-0-LL,"(3.188087005455343, 3.2810650520243643)"
86,Pavlodar Region,Temp_max_mar_std,0.9315981380034902,GISS-E2-1-G,1.0795724368168342,ACCESS-CM2,1.3917111365744106,INM-CM5-0,"(1.0113740616784086, 1.1976586029829077)"
87,Tyva Republic,Temp_max_mar_std,2.4060836245964445,BCC-CSM2-MR,2.4249430830654872,CMCC-ESM2,2.6506646088684627,EC-Earth3-Veg,"(2.405540698842038, 2.4836144157400692)"
88,Uvs,Temp_max_mar_std,3.351181464252706,GFDL-ESM4,3.41166744516092,FIO-ESM-2-0,3.484783163632027,HadGEM3-GC31-LL,"(3.3918102651946196, 3.437937700512763)"
89,Zavkhan,Temp_max_mar_std,3.336039379908703,UKESM1-0-LL,3.547232684367569,GISS-E2-1-G,3.6331781175658233,HadGEM3-GC31-LL,"(3.466832060412794, 3.5775551491019746)"
90,Almaty Region,Temp_max_apr,15.416927385255406,GFDL-ESM4,16.398853619654915,ACCESS-CM2,17.278483683420855,HadGEM3-GC31-LL,"(15.995456979533706, 16.73046373797085)"
91,Altai Republic,Temp_max_apr,5.053138864953065,MPI-ESM1-2-HR,5.9296714579055445,ACCESS-CM2,6.425432334445585,INM-CM5-0,"(5.6715888719370415, 6.144156743458854)"
92,Altai krai,Temp_max_apr,10.699820997743014,MPI-ESM1-2-HR,11.617115145147482,CMCC-ESM2,12.364503074169196,GFDL-ESM4,"(11.244941891189383, 12.03844741776612)"
93,Altay Prefecture,Temp_max_apr,12.053741693436631,MPI-ESM1-2-HR,13.32683275856639,HadGEM3-GC31-LL,14.213240504535149,MIROC6,"(12.887015241411964, 13.59194126284216)"
94,BayanUlgii,Temp_max_apr,3.2013931888544893,MPI-ESM1-2-HR,4.322012867647059,HadGEM3-GC31-LL,4.84984520123839,BCC-CSM2-MR,"(3.9050553627781546, 4.488233543434635)"
95,Bortala Mongol AP,Temp_max_apr,13.918839919291951,MPI-ESM1-2-HR,14.714224793356207,ACCESS-CM2,15.536057879756706,BCC-CSM2-MR,"(14.361595523885178, 15.02298143368236)"
96,Changji Hui AP,Temp_max_apr,16.368482488998325,MPI-ESM1-2-HR,17.473972522003354,UKESM1-0-LL,17.94773548826488,MRI-ESM2-0,"(17.123978636614638, 17.660613676719557)"
97,East Kazakhstan Region,Temp_max_apr,12.053764590460858,MPI-ESM1-2-HR,13.1336237799356,GFDL-ESM4,13.858040161501307,BCC-CSM2-MR,"(12.698620896239207, 13.340981005745403)"
98,Govi-Altai,Temp_max_apr,11.023071028784647,MPI-ESM1-2-HR,12.249647687899786,UKESM1-0-LL,12.964488106343284,MRI-ESM2-0,"(11.904556309551898, 12.524432844950317)"
99,Ili Kazakh Autonomous Prefecture,Temp_max_apr,12.984963444325604,MPI-ESM1-2-HR,14.025236257318172,ACCESS-CM2,14.744797237390229,BCC-CSM2-MR,"(13.724437197946834, 14.351992227165326)"
100,Khovd,Temp_max_apr,9.397402646560078,MPI-ESM1-2-HR,10.606764020106588,CMCC-ESM2,11.460330365794574,MIROC6,"(10.264868059228798, 10.950984747121831)"
101,Pavlodar Region,Temp_max_apr,12.873650326710582,EC-Earth3-Veg,14.274765591797705,MIROC6,15.24066019443264,BCC-CSM2-MR,"(13.568068775720995, 14.48541118235217)"
102,Tyva Republic,Temp_max_apr,4.295967809945234,MPI-ESM1-2-HR,5.592777080522263,INM-CM5-0,6.048035806413208,GFDL-ESM4,"(5.185164679558344, 5.714716244293976)"
103,Uvs,Temp_max_apr,7.76821690255511,MPI-ESM1-2-HR,8.963166176102204,INM-CM5-0,9.526032533817636,GFDL-ESM4,"(8.621459911960867, 9.236024648506218)"
104,Zavkhan,Temp_max_apr,5.711892466916246,MPI-ESM1-2-HR,7.01345932004179,GISS-E2-1-G,7.575866135948111,MRI-ESM2-0,"(6.621121118528379, 7.197019841536717)"
105,Almaty Region,Temp_max_apr_std,4.9661102022418575,EC-Earth3-Veg,5.0286698708534665,FIO-ESM-2-0,5.079199247933979,GFDL-ESM4,"(5.003131102087834, 5.045857371663813)"
106,Altai Republic,Temp_max_apr_std,3.971451924097287,CMCC-ESM2,4.112499127119829,EC-Earth3-Veg,4.290156867824438,FIO-ESM-2-0,"(4.07542516256941, 4.173920264037649)"
107,Altai krai,Temp_max_apr_std,1.619264173428162,MPI-ESM1-2-HR,1.7062978090898662,MRI-ESM2-0,1.8293709988384292,HadGEM3-GC31-LL,"(1.67566380194168, 1.754581416302934)"
108,Altay Prefecture,Temp_max_apr_std,5.885409424147851,MPI-ESM1-2-HR,5.985957114047328,EC-Earth3-Veg,6.065095298810759,MRI-ESM2-0,"(5.940443508303647, 6.01189983275331)"
109,BayanUlgii,Temp_max_apr_std,3.547003418234013,MIROC6,3.634527614189282,HadGEM3-GC31-LL,3.7090173028962634,MRI-ESM2-0,"(3.5980150356937095, 3.6601656573688004)"
110,Bortala Mongol AP,Temp_max_apr_std,7.561784376684735,UKESM1-0-LL,7.597004013083058,INM-CM5-0,7.703403409518526,GFDL-ESM4,"(7.5824401561991746, 7.629571948402548)"
111,Changji Hui AP,Temp_max_apr_std,5.114369858065964,HadGEM3-GC31-LL,5.191724935810698,MRI-ESM2-0,5.312346483512474,GFDL-ESM4,"(5.167826377439405, 5.235580407992802)"
112,East Kazakhstan Region,Temp_max_apr_std,3.555599242172452,MIROC6,3.68749529949022,MRI-ESM2-0,4.05689599043084,HadGEM3-GC31-LL,"(3.6310472626234875, 3.792356597647554)"
113,Govi-Altai,Temp_max_apr_std,4.03438607689779,MIROC6,4.158866973621355,INM-CM5-0,4.224981015026096,HadGEM3-GC31-LL,"(4.112764269992235, 4.183744548937543)"
114,Ili Kazakh Autonomous Prefecture,Temp_max_apr_std,6.33259726629638,CMCC-ESM2,6.39263827637406,UKESM1-0-LL,6.436386358726711,MRI-ESM2-0,"(6.368784315304217, 6.410035808783269)"
115,Khovd,Temp_max_apr_std,4.298022826123747,BCC-CSM2-MR,4.38271300748849,CMCC-ESM2,4.523885733652833,UKESM1-0-LL,"(4.356009044203941, 4.4185930381095995)"
116,Pavlodar Region,Temp_max_apr_std,0.7867978063699146,UKESM1-0-LL,1.0023319020395995,GFDL-ESM4,1.2685336326808778,CMCC-ESM2,"(0.9432726648887044, 1.0962403665463563)"
117,Tyva Republic,Temp_max_apr_std,3.4025407652679163,UKESM1-0-LL,3.487489337271249,GFDL-ESM4,3.5757103280293627,CMCC-ESM2,"(3.4592514875616964, 3.526701737128812)"
118,Uvs,Temp_max_apr_std,3.001610714617277,GISS-E2-1-G,3.049609087146861,BCC-CSM2-MR,3.111008544662804,UKESM1-0-LL,"(3.03663395441992, 3.07530991546094)"
119,Zavkhan,Temp_max_apr_std,3.3618582891087514,GISS-E2-1-G,3.479365754341166,MPI-ESM1-2-HR,3.616181976548852,MIROC6,"(3.4331559948790464, 3.5255702584207387)"
120,Almaty Region,Temp_max_may,21.702156362954376,EC-Earth3-Veg,22.715310219600354,INM-CM5-0,23.47986002182364,HadGEM3-GC31-LL,"(22.41506125939096, 23.018708459262477)"
121,Altai Republic,Temp_max_may,11.925256444338515,GFDL-ESM4,12.698005280140803,CMCC-ESM2,13.97505225139337,UKESM1-0-LL,"(12.46756712317829, 13.201525895584263)"
122,Altai krai,Temp_max_may,19.43450852206397,EC-Earth3-Veg,20.39196022063974,GISS-E2-1-G,21.848059673904583,UKESM1-0-LL,"(20.012588614947397, 20.815462019043878)"
123,Altay Prefecture,Temp_max_may,19.35997732426304,GFDL-ESM4,20.36543170508944,CMCC-ESM2,21.40593505920887,HadGEM3-GC31-LL,"(20.02318917107556, 20.832334466442123)"
124,BayanUlgii,Temp_max_may,10.10185758513932,GFDL-ESM4,10.952352215557276,CMCC-ESM2,12.139287441950463,HadGEM3-GC31-LL,"(10.612304646910848, 11.50795278045281)"
125,Bortala Mongol AP,Temp_max_may,19.562446389582032,EC-Earth3-Veg,20.58490428103556,MIROC6,21.15215123986276,MRI-ESM2-0,"(20.227134102897637, 20.790534841149586)"
126,Changji Hui AP,Temp_max_may,23.32181540758592,GFDL-ESM4,24.250753090947192,CMCC-ESM2,25.08288093304694,UKESM1-0-LL,"(23.92602338502757, 24.62352571750968)"
127,East Kazakhstan Region,Temp_max_may,19.615241057053733,EC-Earth3-Veg,20.855911337794325,BCC-CSM2-MR,21.81831731736768,UKESM1-0-LL,"(20.401984686309866, 21.15542461675374)"
128,Govi-Altai,Temp_max_may,18.967942097547976,INM-CM5-0,19.59681170042644,FIO-ESM-2-0,20.68451992270789,HadGEM3-GC31-LL,"(19.42762501626235, 20.134723269779958)"
129,Ili Kazakh Autonomous Prefecture,Temp_max_may,19.566948955753208,EC-Earth3-Veg,20.53293880882684,ACCESS-CM2,21.2056019196127,HadGEM3-GC31-LL,"(20.08643028351616, 20.778906698798973)"
130,Khovd,Temp_max_may,16.87781007751938,GFDL-ESM4,17.600348231589148,FIO-ESM-2-0,18.784341690891477,HadGEM3-GC31-LL,"(17.403135441004665, 18.176220132564204)"
131,Pavlodar Region,Temp_max_may,21.23326604334892,EC-Earth3-Veg,22.31046469932002,INM-CM5-0,23.587388440288997,UKESM1-0-LL,"(21.85308550392833, 22.698826795019006)"
132,Tyva Republic,Temp_max_may,13.038621616794984,GFDL-ESM4,13.928152779982538,HadGEM3-GC31-LL,15.035424438447496,MIROC6,"(13.63711948275384, 14.31948726869774)"
133,Uvs,Temp_max_may,17.37857746743487,CMCC-ESM2,18.13823741232465,FIO-ESM-2-0,19.21364760771543,UKESM1-0-LL,"(17.821306300056555, 18.58790707862387)"
134,Zavkhan,Temp_max_may,14.49836349686575,GFDL-ESM4,15.455319247344594,ACCESS-CM2,16.55753199547275,MIROC6,"(15.11190135551712, 15.938367198843373)"
135,Almaty Region,Temp_max_may_std,5.433862459875661,BCC-CSM2-MR,5.553330088850044,FIO-ESM-2-0,5.639416830130814,INM-CM5-0,"(5.517551270452608, 5.5798672929029705)"
136,Altai Republic,Temp_max_may_std,4.241740148429081,MRI-ESM2-0,4.356834930735153,ACCESS-CM2,4.477789234245984,UKESM1-0-LL,"(4.315726555577502, 4.3900800976637075)"
137,Altai krai,Temp_max_may_std,1.7125816122788398,MPI-ESM1-2-HR,1.7906789812454578,GISS-E2-1-G,1.8596452499940272,HadGEM3-GC31-LL,"(1.7563611074145011, 1.8160317169443296)"
138,Altay Prefecture,Temp_max_may_std,6.098670012297672,BCC-CSM2-MR,6.242138218511594,HadGEM3-GC31-LL,6.347991048276639,GISS-E2-1-G,"(6.199822880332604, 6.2839379974797005)"
139,BayanUlgii,Temp_max_may_std,3.817103315284918,CMCC-ESM2,3.916589097567843,GISS-E2-1-G,3.9552313586880494,UKESM1-0-LL,"(3.886739607429429, 3.929857987999976)"
140,Bortala Mongol AP,Temp_max_may_std,8.01551077902223,GFDL-ESM4,8.069745082729057,EC-Earth3-Veg,8.10466565926467,BCC-CSM2-MR,"(8.047532686018682, 8.083329185133335)"
141,Changji Hui AP,Temp_max_may_std,5.80102179476344,EC-Earth3-Veg,5.866229098443031,MIROC6,5.925689415681706,MRI-ESM2-0,"(5.84220545647059, 5.881998854141842)"
142,East Kazakhstan Region,Temp_max_may_std,3.6881679557046985,MIROC6,3.7723241557479543,ACCESS-CM2,3.945277689708213,INM-CM5-0,"(3.7511482893447856, 3.856758621897679)"
143,Govi-Altai,Temp_max_may_std,4.161996642023952,BCC-CSM2-MR,4.269674573503658,FIO-ESM-2-0,4.332145399579708,GFDL-ESM4,"(4.237565163136231, 4.289203326071143)"
144,Ili Kazakh Autonomous Prefecture,Temp_max_may_std,6.799957482319777,CMCC-ESM2,6.892296678457504,FIO-ESM-2-0,6.942680560584783,MRI-ESM2-0,"(6.863708041646939, 6.913973475643306)"
145,Khovd,Temp_max_may_std,4.709480235730317,CMCC-ESM2,4.758083275420005,FIO-ESM-2-0,4.786439769605992,GFDL-ESM4,"(4.745533654269191, 4.771004003217967)"
146,Pavlodar Region,Temp_max_may_std,0.6611625724033009,HadGEM3-GC31-LL,0.7656355069709317,UKESM1-0-LL,0.8913738953453966,MRI-ESM2-0,"(0.7291103944542756, 0.7970000751148858)"
147,Tyva Republic,Temp_max_may_std,3.8337596773270417,EC-Earth3-Veg,3.922849677732376,UKESM1-0-LL,3.995949055373556,HadGEM3-GC31-LL,"(3.892683031261133, 3.9453857880750256)"
148,Uvs,Temp_max_may_std,3.483922123593977,GISS-E2-1-G,3.574260709806448,FIO-ESM-2-0,3.6328274161081615,EC-Earth3-Veg,"(3.5465976290891996, 3.5946032927352816)"
149,Zavkhan,Temp_max_may_std,2.8192148372904167,GISS-E2-1-G,3.060627062018476,MPI-ESM1-2-HR,3.134652839499305,HadGEM3-GC31-LL,"(2.9926660120917377, 3.094864851324528)"
150,Almaty Region,Temp_max_jun,27.32444758917002,CMCC-ESM2,28.50911733615222,GISS-E2-1-G,29.224154760280975,HadGEM3-GC31-LL,"(28.123862153966915, 28.78544089294866)"
151,Altai Republic,Temp_max_jun,17.504898568128482,MPI-ESM1-2-HR,18.645100744353183,MRI-ESM2-0,19.689791727779408,UKESM1-0-LL,"(18.230827844836128, 18.970833093686345)"
152,Altai krai,Temp_max_jun,25.081990816405945,MPI-ESM1-2-HR,26.025884796482217,MRI-ESM2-0,27.60724813215036,UKESM1-0-LL,"(25.690166071745793, 26.63074523832323)"
153,Altay Prefecture,Temp_max_jun,25.385865457294027,MPI-ESM1-2-HR,26.275710978835978,FIO-ESM-2-0,27.07575113378685,UKESM1-0-LL,"(25.94711843712099, 26.62660920208284)"
154,BayanUlgii,Temp_max_jun,16.17913482004644,CMCC-ESM2,17.084985729489166,FIO-ESM-2-0,17.98368445239938,UKESM1-0-LL,"(16.800251522723414, 17.47128969244686)"
155,Bortala Mongol AP,Temp_max_jun,24.695507446974425,CMCC-ESM2,25.73094393325016,MIROC6,26.26219880692452,ACCESS-CM2,"(25.364616569273075, 25.994642212338327)"
156,Changji Hui AP,Temp_max_jun,28.41188181056161,CMCC-ESM2,29.393984440486168,INM-CM5-0,30.06089558885164,MRI-ESM2-0,"(29.018080570251097, 29.69489455709432)"
157,East Kazakhstan Region,Temp_max_jun,25.60363629502918,MPI-ESM1-2-HR,26.861016426846447,INM-CM5-0,27.60163639565305,UKESM1-0-LL,"(26.25011793755907, 27.00780256378)"
158,Govi-Altai,Temp_max_jun,24.3927621934968,CMCC-ESM2,25.314722148187634,GISS-E2-1-G,26.352058901918976,MRI-ESM2-0,"(25.064462121377638, 25.72853161529614)"
159,Ili Kazakh Autonomous Prefecture,Temp_max_jun,24.82896764523756,CMCC-ESM2,25.758815230240938,INM-CM5-0,26.448990936725963,UKESM1-0-LL,"(25.43735905675111, 26.085540812041433)"
160,Khovd,Temp_max_jun,22.67680323401163,CMCC-ESM2,23.600096899224805,FIO-ESM-2-0,24.582324975775197,MRI-ESM2-0,"(23.29524796967697, 23.988365346512644)"
161,Pavlodar Region,Temp_max_jun,27.51196444698257,MPI-ESM1-2-HR,28.76027279005525,GFDL-ESM4,30.16118718125797,UKESM1-0-LL,"(28.312054302516692, 29.212422684717275)"
162,Tyva Republic,Temp_max_jun,19.828549140804824,MPI-ESM1-2-HR,20.788785320263518,EC-Earth3-Veg,21.82352766092547,UKESM1-0-LL,"(20.381560702068608, 21.031496347636196)"
163,Uvs,Temp_max_jun,23.177093248997995,CMCC-ESM2,24.330160320641284,FIO-ESM-2-0,25.23544902304609,UKESM1-0-LL,"(23.965819965974298, 24.680490202439458)"
164,Zavkhan,Temp_max_jun,20.735884990423123,CMCC-ESM2,21.75133178434616,GISS-E2-1-G,22.655909912066864,UKESM1-0-LL,"(21.38606575713676, 22.0510432987038)"
165,Almaty Region,Temp_max_jun_std,5.7741075134638695,GFDL-ESM4,5.900074623091718,HadGEM3-GC31-LL,6.007912510241706,EC-Earth3-Veg,"(5.854173810068495, 5.939998250687813)"
166,Altai Republic,Temp_max_jun_std,3.716957079185897,GISS-E2-1-G,3.921667138475247,CMCC-ESM2,3.974736509657017,FIO-ESM-2-0,"(3.856351420835583, 3.944795921821322)"
167,Altai krai,Temp_max_jun_std,1.7154036157529102,MRI-ESM2-0,1.81091878534042,UKESM1-0-LL,1.9417471112990696,GFDL-ESM4,"(1.7775804992529163, 1.8439437722543501)"
168,Altay Prefecture,Temp_max_jun_std,5.761253955442943,GISS-E2-1-G,5.855938012465942,FIO-ESM-2-0,5.990980300371429,MRI-ESM2-0,"(5.833629704638992, 5.900422435347468)"
169,BayanUlgii,Temp_max_jun_std,3.370831608627387,CMCC-ESM2,3.4454153116201383,MPI-ESM1-2-HR,3.583655865417964,GISS-E2-1-G,"(3.4167289632424516, 3.4756446641511745)"
170,Bortala Mongol AP,Temp_max_jun_std,8.00018076857463,HadGEM3-GC31-LL,8.07257117202613,CMCC-ESM2,8.155802922881529,MRI-ESM2-0,"(8.047281887179839, 8.099786318214434)"
171,Changji Hui AP,Temp_max_jun_std,6.02097125750107,HadGEM3-GC31-LL,6.068602456810041,FIO-ESM-2-0,6.130064891528213,MRI-ESM2-0,"(6.051841404951137, 6.086523188882396)"
172,East Kazakhstan Region,Temp_max_jun_std,3.806849511136302,GISS-E2-1-G,3.953563202115192,INM-CM5-0,4.097885668895753,GFDL-ESM4,"(3.9106450156168315, 3.9943231563951485)"
173,Govi-Altai,Temp_max_jun_std,4.127572091576159,FIO-ESM-2-0,4.174380166180614,CMCC-ESM2,4.216937232569897,MPI-ESM1-2-HR,"(4.154201644303902, 4.18898005712165)"
174,Ili Kazakh Autonomous Prefecture,Temp_max_jun_std,6.810930502077307,GISS-E2-1-G,6.868455726052671,EC-Earth3-Veg,6.988342118793574,MRI-ESM2-0,"(6.83731088763405, 6.906491450576766)"
175,Khovd,Temp_max_jun_std,4.684473661788465,UKESM1-0-LL,4.703467989776021,CMCC-ESM2,4.763962473024832,GISS-E2-1-G,"(4.697855647946815, 4.7251935988886515)"
176,Pavlodar Region,Temp_max_jun_std,0.6931272527818712,HadGEM3-GC31-LL,0.7553856165721149,MIROC6,0.8456109530696487,MRI-ESM2-0,"(0.7311919243155864, 0.7816686736997112)"
177,Tyva Republic,Temp_max_jun_std,3.28380735764273,GISS-E2-1-G,3.3923689963580155,HadGEM3-GC31-LL,3.5191450685042547,MRI-ESM2-0,"(3.349808024942012, 3.426354670903804)"
178,Uvs,Temp_max_jun_std,3.442115039999692,GISS-E2-1-G,3.716822224483177,INM-CM5-0,3.775189970380696,MIROC6,"(3.6512707429821307, 3.7539853630482196)"
179,Zavkhan,Temp_max_jun_std,2.8516897190808854,GISS-E2-1-G,3.1519229624925176,HadGEM3-GC31-LL,3.263599062085161,MRI-ESM2-0,"(3.0809954089409675, 3.199852413770231)"
180,Almaty Region,Temp_max_jul,30.66064882697947,CMCC-ESM2,31.70725422832981,EC-Earth3-Veg,33.084696600286435,UKESM1-0-LL,"(31.503720554266515, 32.347619028881006)"
181,Altai Republic,Temp_max_jul,19.58125550014667,CMCC-ESM2,20.721192981812848,MRI-ESM2-0,22.335625825022,UKESM1-0-LL,"(20.357543096325003, 21.25122477210021)"
182,Altai krai,Temp_max_jul,26.818427017666743,CMCC-ESM2,27.830485349054403,MRI-ESM2-0,30.204809226398943,UKESM1-0-LL,"(27.545190088103485, 28.76929599881139)"
183,Altay Prefecture,Temp_max_jul,27.39455782312925,CMCC-ESM2,28.711577223481985,EC-Earth3-Veg,30.082124748047367,UKESM1-0-LL,"(28.389514440403158, 29.324451185020795)"
184,BayanUlgii,Temp_max_jul,17.624025251547987,CMCC-ESM2,19.263034539473683,GFDL-ESM4,20.43696546052632,UKESM1-0-LL,"(18.794439906807344, 19.661545335214566)"
185,Bortala Mongol AP,Temp_max_jul,27.32975768091079,CMCC-ESM2,28.446038677479727,INM-CM5-0,29.58365418356207,UKESM1-0-LL,"(28.16171369484485, 28.98146848460234)"
186,Changji Hui AP,Temp_max_jul,30.68908476529757,CMCC-ESM2,31.726444624895223,INM-CM5-0,33.07726385687343,UKESM1-0-LL,"(31.472009585860047, 32.324345050963736)"
187,East Kazakhstan Region,Temp_max_jul,27.784752968404103,CMCC-ESM2,28.932295859327837,FIO-ESM-2-0,30.721737271080706,UKESM1-0-LL,"(28.71513028367398, 29.73690406002619)"
188,Govi-Altai,Temp_max_jul,25.56027785181237,CMCC-ESM2,27.29539578891258,MIROC6,28.437430037313437,UKESM1-0-LL,"(26.731765423033234, 27.77121632003713)"
189,Ili Kazakh Autonomous Prefecture,Temp_max_jul,27.17451200461608,CMCC-ESM2,28.27608505967125,EC-Earth3-Veg,29.64916755798244,UKESM1-0-LL,"(28.03946671747743, 28.90977456350572)"
190,Khovd,Temp_max_jul,23.547828851744185,CMCC-ESM2,25.371084665697676,GFDL-ESM4,26.51309956395349,UKESM1-0-LL,"(24.713677308406574, 25.813990681307203)"
191,Pavlodar Region,Temp_max_jul,29.019244050148743,MPI-ESM1-2-HR,30.021920155121123,EC-Earth3-Veg,32.01049856566086,UKESM1-0-LL,"(29.68384942523947, 30.748038876110687)"
192,Tyva Republic,Temp_max_jul,21.0787364076514,CMCC-ESM2,22.036280161123894,GISS-E2-1-G,23.65494285260735,UKESM1-0-LL,"(21.81338241062828, 22.641890291112396)"
193,Uvs,Temp_max_jul,24.253787262024048,CMCC-ESM2,25.751443512024046,INM-CM5-0,27.171439754509016,UKESM1-0-LL,"(25.353122748736677, 26.405896732533552)"
194,Zavkhan,Temp_max_jul,21.613913133379768,CMCC-ESM2,23.34384522462128,GFDL-ESM4,24.63628819867665,UKESM1-0-LL,"(22.892695478839862, 23.895831356504843)"
195,Almaty Region,Temp_max_jul_std,5.572145003101549,GFDL-ESM4,5.654786915602721,GISS-E2-1-G,5.772915366846044,MIROC6,"(5.632382576559263, 5.708345614138419)"
196,Altai Republic,Temp_max_jul_std,3.6727262012850814,EC-Earth3-Veg,3.7956429786764656,GFDL-ESM4,3.9742751636614457,UKESM1-0-LL,"(3.758002161406212, 3.854409734644825)"
197,Altai krai,Temp_max_jul_std,1.3725306192500295,GISS-E2-1-G,1.4379585469355638,CMCC-ESM2,1.5247116119742925,EC-Earth3-Veg,"(1.406199001161364, 1.4653437966080312)"
198,Altay Prefecture,Temp_max_jul_std,5.801333112125352,BCC-CSM2-MR,5.846225603344643,FIO-ESM-2-0,5.96285493769025,MIROC6,"(5.82784753457882, 5.882988163819184)"
199,BayanUlgii,Temp_max_jul_std,3.236718055301771,MIROC6,3.284625545896045,BCC-CSM2-MR,3.4722526277822743,GISS-E2-1-G,"(3.2603350240108844, 3.3310027262255115)"
200,Bortala Mongol AP,Temp_max_jul_std,7.693383190132818,GFDL-ESM4,7.795829830365863,FIO-ESM-2-0,7.89373506097749,MRI-ESM2-0,"(7.768759955691626, 7.8287073093973705)"
201,Changji Hui AP,Temp_max_jul_std,5.876594361536064,GFDL-ESM4,5.941205028188327,CMCC-ESM2,6.034031958120892,MIROC6,"(5.928604262622657, 5.982000497637929)"
202,East Kazakhstan Region,Temp_max_jul_std,3.725241016595128,BCC-CSM2-MR,3.7531903576422274,FIO-ESM-2-0,3.970391575851574,GFDL-ESM4,"(3.7394201797828246, 3.831391598979462)"
203,Govi-Altai,Temp_max_jul_std,4.155110875020874,GISS-E2-1-G,4.192672141724409,INM-CM5-0,4.236500434561348,CMCC-ESM2,"(4.181249326899522, 4.207775615532283)"
204,Ili Kazakh Autonomous Prefecture,Temp_max_jul_std,6.605516460267981,GFDL-ESM4,6.6753037656191605,HadGEM3-GC31-LL,6.830399014232536,MIROC6,"(6.654199381487598, 6.725478909240869)"
205,Khovd,Temp_max_jul_std,4.491498134551229,GFDL-ESM4,4.562089280625415,MPI-ESM1-2-HR,4.673654581910952,GISS-E2-1-G,"(4.5376271680933895, 4.591727016108135)"
206,Pavlodar Region,Temp_max_jul_std,0.6781102584342138,CMCC-ESM2,0.8226968835479301,MPI-ESM1-2-HR,0.9729870252163408,MRI-ESM2-0,"(0.7707200743378826, 0.8641391582010904)"
207,Tyva Republic,Temp_max_jul_std,3.0825209830165163,GFDL-ESM4,3.197676969229085,EC-Earth3-Veg,3.4448264003615963,MRI-ESM2-0,"(3.1403195662854855, 3.2487393190975733)"
208,Uvs,Temp_max_jul_std,3.3053149365794448,GISS-E2-1-G,3.6061449607741,INM-CM5-0,3.647529242390125,ACCESS-CM2,"(3.532222538534532, 3.6420880448191597)"
209,Zavkhan,Temp_max_jul_std,2.8676307667919527,GISS-E2-1-G,3.2713231699633885,INM-CM5-0,3.639064676278611,MRI-ESM2-0,"(3.1735253824982363, 3.3701553273013385)"
210,Almaty Region,Temp_max_aug,30.159566169951574,CMCC-ESM2,30.89101820909773,MIROC6,32.16148000068199,ACCESS-CM2,"(30.593765638069687, 31.420288574784227)"
211,Altai Republic,Temp_max_aug,17.437899906497506,CMCC-ESM2,18.94178553094749,MIROC6,20.463375898357288,UKESM1-0-LL,"(18.521622598888698, 19.490228278032127)"
212,Altai krai,Temp_max_aug,24.32775410537785,CMCC-ESM2,25.56576387267492,GISS-E2-1-G,27.41500554517861,UKESM1-0-LL,"(25.19407326374315, 26.262046488168096)"
213,Altay Prefecture,Temp_max_aug,25.961211104812296,CMCC-ESM2,27.34137219702696,GFDL-ESM4,28.785434775762155,UKESM1-0-LL,"(26.987694520024487, 27.994449548429106)"
214,BayanUlgii,Temp_max_aug,16.446873790634676,CMCC-ESM2,17.86882377128483,MIROC6,19.274860922987617,UKESM1-0-LL,"(17.468094991705673, 18.512624376000932)"
215,Bortala Mongol AP,Temp_max_aug,27.1168414691204,CMCC-ESM2,27.90268247036806,GISS-E2-1-G,29.16357025888958,ACCESS-CM2,"(27.563745253604218, 28.458396223913894)"
216,Changji Hui AP,Temp_max_aug,29.59042657690696,CMCC-ESM2,30.76464925607712,MIROC6,32.241994315800504,UKESM1-0-LL,"(30.411192790355976, 31.422981620470004)"
217,East Kazakhstan Region,Temp_max_aug,26.3707282023546,CMCC-ESM2,27.39627880358221,FIO-ESM-2-0,28.889876609981886,UKESM1-0-LL,"(27.09916068900414, 28.01789607253279)"
218,Govi-Altai,Temp_max_aug,24.6871318630064,CMCC-ESM2,25.66040445095949,EC-Earth3-Veg,27.259669842750533,UKESM1-0-LL,"(25.306927223680486, 26.407913066626225)"
219,Ili Kazakh Autonomous Prefecture,Temp_max_aug,26.200574195001124,CMCC-ESM2,27.37989226807025,GFDL-ESM4,28.73411816032425,UKESM1-0-LL,"(27.01348919017313, 27.975238281550144)"
220,Khovd,Temp_max_aug,22.400696463178296,CMCC-ESM2,23.949825884205428,MIROC6,25.399981831395348,UKESM1-0-LL,"(23.37108260287779, 24.55802932504409)"
221,Pavlodar Region,Temp_max_aug,26.422990597110072,CMCC-ESM2,27.206426968232044,GFDL-ESM4,28.69660074904377,UKESM1-0-LL,"(26.930325616456006, 27.798550572696964)"
222,Tyva Republic,Temp_max_aug,18.59976114175728,CMCC-ESM2,20.13111407651401,MIROC6,21.741393166124297,UKESM1-0-LL,"(19.718068392180637, 20.739629143338053)"
223,Uvs,Temp_max_aug,22.230340368236472,CMCC-ESM2,24.081282878256516,MIROC6,25.65123997995992,UKESM1-0-LL,"(23.504764309684816, 24.729319242034002)"
224,Zavkhan,Temp_max_aug,19.884851667247084,CMCC-ESM2,21.45547568779384,MIROC6,23.12784313512101,UKESM1-0-LL,"(20.99461961558524, 22.151629078477097)"
225,Almaty Region,Temp_max_aug_std,5.124854710155261,HadGEM3-GC31-LL,5.180589508630228,MPI-ESM1-2-HR,5.310415542200273,MIROC6,"(5.1592480773382885, 5.22179530360145)"
226,Altai Republic,Temp_max_aug_std,3.281808764262533,EC-Earth3-Veg,3.430791505953334,INM-CM5-0,3.515764371482788,UKESM1-0-LL,"(3.3608834427404615, 3.4505145384939127)"
227,Altai krai,Temp_max_aug_std,1.344454371183673,UKESM1-0-LL,1.4414830900196298,INM-CM5-0,1.547243496804816,CMCC-ESM2,"(1.40489388813531, 1.4705187230621497)"
228,Altay Prefecture,Temp_max_aug_std,5.605167118158958,MRI-ESM2-0,5.703716503414297,ACCESS-CM2,5.749446937070823,GISS-E2-1-G,"(5.6733141465517125, 5.7185218531841)"
229,BayanUlgii,Temp_max_aug_std,3.1156210156063486,FIO-ESM-2-0,3.1260366048646264,UKESM1-0-LL,3.3121393391099163,GISS-E2-1-G,"(3.1154956035815067, 3.1795380308638066)"
230,Bortala Mongol AP,Temp_max_aug_std,7.1527538008739375,GFDL-ESM4,7.238392228992091,MRI-ESM2-0,7.297110092907936,EC-Earth3-Veg,"(7.213843634717293, 7.259156400547214)"
231,Changji Hui AP,Temp_max_aug_std,5.480473823694543,CMCC-ESM2,5.544249027660742,UKESM1-0-LL,5.593575754879303,FIO-ESM-2-0,"(5.528123538723884, 5.570996831476988)"
232,East Kazakhstan Region,Temp_max_aug_std,3.590953041312926,UKESM1-0-LL,3.676631087382384,EC-Earth3-Veg,3.7750245733588903,CMCC-ESM2,"(3.6358678298985763, 3.7026054045582737)"
233,Govi-Altai,Temp_max_aug_std,4.087842576475985,GISS-E2-1-G,4.182590985988072,UKESM1-0-LL,4.269623905343521,CMCC-ESM2,"(4.156170567577873, 4.2137389221073205)"
234,Ili Kazakh Autonomous Prefecture,Temp_max_aug_std,6.213538691654369,CMCC-ESM2,6.280915548475471,GISS-E2-1-G,6.3628879574600585,FIO-ESM-2-0,"(6.262943322235625, 6.311336554713677)"
235,Khovd,Temp_max_aug_std,4.300770236412197,MRI-ESM2-0,4.408807177099189,INM-CM5-0,4.517556516729364,GISS-E2-1-G,"(4.3782403844702715, 4.435301341314836)"
236,Pavlodar Region,Temp_max_aug_std,0.7064506943956176,MPI-ESM1-2-HR,0.7775394039029248,MIROC6,0.8419181909532866,ACCESS-CM2,"(0.7513101484762688, 0.8034869072042059)"
237,Tyva Republic,Temp_max_aug_std,2.8304347994771897,CMCC-ESM2,2.940521628371815,MIROC6,3.0724977876041706,MRI-ESM2-0,"(2.9073834447977775, 2.9822405305687063)"
238,Uvs,Temp_max_aug_std,3.117820958140468,GISS-E2-1-G,3.396398693237163,INM-CM5-0,3.466659034940455,UKESM1-0-LL,"(3.318268986117606, 3.4242127164719554)"
239,Zavkhan,Temp_max_aug_std,2.6682339916999056,GISS-E2-1-G,3.0362606307327105,HadGEM3-GC31-LL,3.248742227198077,MRI-ESM2-0,"(2.95179451744077, 3.1064464831867973)"
240,Almaty Region,Temp_max_sep,24.11528166132442,MPI-ESM1-2-HR,24.991871547432314,EC-Earth3-Veg,26.118951612903224,HadGEM3-GC31-LL,"(24.57909201034162, 25.39488881003831)"
241,Altai Republic,Temp_max_sep,12.7792023412291,FIO-ESM-2-0,13.68916150264007,EC-Earth3-Veg,14.913727907744208,HadGEM3-GC31-LL,"(13.285353845599156, 14.179867246194062)"
242,Altai krai,Temp_max_sep,18.87170937427037,INM-CM5-0,19.714358850883336,MRI-ESM2-0,21.08312660518328,UKESM1-0-LL,"(19.31366101452719, 20.33615328559793)"
243,Altay Prefecture,Temp_max_sep,20.164977796674226,FIO-ESM-2-0,20.944405076845552,MIROC6,22.247391896573443,HadGEM3-GC31-LL,"(20.565824996262595, 21.468974144191304)"
244,BayanUlgii,Temp_max_sep,11.029598006965944,FIO-ESM-2-0,11.957646816950463,MIROC6,13.509474167956656,HadGEM3-GC31-LL,"(11.532453946230694, 12.565255143731205)"
245,Bortala Mongol AP,Temp_max_sep,20.84061135371179,CMCC-ESM2,21.85421134201497,EC-Earth3-Veg,22.980412702744854,HadGEM3-GC31-LL,"(21.350210436785012, 22.164372721595903)"
246,Changji Hui AP,Temp_max_sep,23.719488356559093,CMCC-ESM2,24.504525094300085,GISS-E2-1-G,25.70138306789606,HadGEM3-GC31-LL,"(24.15463022797374, 24.963020460739266)"
247,East Kazakhstan Region,Temp_max_sep,20.572681877641376,MPI-ESM1-2-HR,21.484895414067218,MIROC6,22.80551293016704,HadGEM3-GC31-LL,"(21.046200763545524, 21.98528579929796)"
248,Govi-Altai,Temp_max_sep,18.507089552238806,CMCC-ESM2,19.488965884861408,MIROC6,20.79910381130064,HadGEM3-GC31-LL,"(19.161114734467336, 20.06326790248526)"
249,Ili Kazakh Autonomous Prefecture,Temp_max_sep,20.51144519815357,CMCC-ESM2,21.41681385104706,GISS-E2-1-G,22.58384408072506,HadGEM3-GC31-LL,"(20.945500297184214, 21.798561266392948)"
250,Khovd,Temp_max_sep,16.557595990794574,CMCC-ESM2,17.648255813953487,MIROC6,18.925794876453487,HadGEM3-GC31-LL,"(17.200580733102758, 18.167898601274114)"
251,Pavlodar Region,Temp_max_sep,20.044932665745858,INM-CM5-0,21.188864614322146,MIROC6,22.749905373459413,HadGEM3-GC31-LL,"(20.76186762323653, 21.86903574480426)"
252,Tyva Republic,Temp_max_sep,13.234383681244545,FIO-ESM-2-0,14.175149069370583,EC-Earth3-Veg,15.369307583935234,UKESM1-0-LL,"(13.726677795968861, 14.612604892828173)"
253,Uvs,Temp_max_sep,16.742164015531063,CMCC-ESM2,17.789118862725452,MIROC6,19.22324649298597,HadGEM3-GC31-LL,"(17.320656278552345, 18.34410039826282)"
254,Zavkhan,Temp_max_sep,14.482222923559116,CMCC-ESM2,15.58297057287132,MIROC6,16.876509990423123,HadGEM3-GC31-LL,"(15.131777721491973, 16.083371532114423)"
255,Almaty Region,Temp_max_sep_std,4.81317218572427,BCC-CSM2-MR,4.874860280106745,FIO-ESM-2-0,4.967532486593576,GFDL-ESM4,"(4.86491939782913, 4.919116898762601)"
256,Altai Republic,Temp_max_sep_std,3.189886322209214,MRI-ESM2-0,3.3168753786661127,INM-CM5-0,3.42096659824353,GFDL-ESM4,"(3.257996782275452, 3.337002437607784)"
257,Altai krai,Temp_max_sep_std,1.1629275069594245,MPI-ESM1-2-HR,1.2199569056129025,EC-Earth3-Veg,1.2639468945502177,HadGEM3-GC31-LL,"(1.1923730968343853, 1.2296619130808017)"
258,Altay Prefecture,Temp_max_sep_std,5.232211853163781,MRI-ESM2-0,5.337329123889235,BCC-CSM2-MR,5.404487842417798,FIO-ESM-2-0,"(5.29480975481954, 5.358351251240509)"
259,BayanUlgii,Temp_max_sep_std,3.088324456795956,GFDL-ESM4,3.1518035108243323,EC-Earth3-Veg,3.2896111727625272,GISS-E2-1-G,"(3.1290407441706423, 3.1847472190967405)"
260,Bortala Mongol AP,Temp_max_sep_std,6.8387611271098825,GFDL-ESM4,6.915490125140318,GISS-E2-1-G,6.970697031299471,EC-Earth3-Veg,"(6.897163655086095, 6.9316057631201335)"
261,Changji Hui AP,Temp_max_sep_std,5.057238818310807,INM-CM5-0,5.099865703469151,FIO-ESM-2-0,5.149940605247632,GFDL-ESM4,"(5.088896241466578, 5.124572166485759)"
262,East Kazakhstan Region,Temp_max_sep_std,3.1966366633574963,CMCC-ESM2,3.2516752482781093,INM-CM5-0,3.2885604344806465,BCC-CSM2-MR,"(3.2258662849668878, 3.2625294981996142)"
263,Govi-Altai,Temp_max_sep_std,3.804856611964334,GISS-E2-1-G,3.990928612003035,UKESM1-0-LL,4.035990720219036,FIO-ESM-2-0,"(3.946358333347161, 4.017652570146962)"
264,Ili Kazakh Autonomous Prefecture,Temp_max_sep_std,5.78004483812881,BCC-CSM2-MR,5.808062785035956,GFDL-ESM4,5.853205098822249,MIROC6,"(5.797621824100696, 5.822235105741249)"
265,Khovd,Temp_max_sep_std,4.120429740480873,MRI-ESM2-0,4.180745933570998,MIROC6,4.2795162729651,GISS-E2-1-G,"(4.16082406067647, 4.205014142017136)"
266,Pavlodar Region,Temp_max_sep_std,0.7183517323933799,GFDL-ESM4,0.8568018515163315,FIO-ESM-2-0,0.93560581148883,MRI-ESM2-0,"(0.8178379947055177, 0.8823890266263195)"
267,Tyva Republic,Temp_max_sep_std,2.802381081552225,GISS-E2-1-G,2.8292448015431124,FIO-ESM-2-0,2.8883683296793388,ACCESS-CM2,"(2.816840186294745, 2.8501216085909533)"
268,Uvs,Temp_max_sep_std,2.8901945943522804,GISS-E2-1-G,3.06250661923019,FIO-ESM-2-0,3.115841836232885,GFDL-ESM4,"(3.0179227882659223, 3.0859688302853554)"
269,Zavkhan,Temp_max_sep_std,2.536812801196697,GISS-E2-1-G,2.7728710590369983,UKESM1-0-LL,2.8326982935962657,GFDL-ESM4,"(2.707107074390233, 2.798092728809164)"
270,Almaty Region,Temp_max_oct,14.868368725704151,CMCC-ESM2,15.71409649287322,MIROC6,16.77443224442474,ACCESS-CM2,"(15.474223141540936, 16.142859232199353)"
271,Altai Republic,Temp_max_oct,3.825286122213259,CMCC-ESM2,5.198503730932825,MIROC6,5.945937568751833,UKESM1-0-LL,"(4.591672341684628, 5.3548177978921725)"
272,Altai krai,Temp_max_oct,9.254346155342828,CMCC-ESM2,10.461001342516928,HadGEM3-GC31-LL,11.58150804537318,UKESM1-0-LL,"(9.905163044579337, 10.69021271797626)"
273,Altay Prefecture,Temp_max_oct,10.14171056153943,CMCC-ESM2,11.256777132149155,GFDL-ESM4,12.2284836388259,HadGEM3-GC31-LL,"(10.779497845758689, 11.609518684998912)"
274,BayanUlgii,Temp_max_oct,1.973715200512771,CMCC-ESM2,3.110588295762384,GFDL-ESM4,4.259597523219814,HadGEM3-GC31-LL,"(2.7066717057320613, 3.5606444288758814)"
275,Bortala Mongol AP,Temp_max_oct,12.123706039457268,CMCC-ESM2,13.0268247036806,MIROC6,14.05009406191516,ACCESS-CM2,"(12.722271022600625, 13.416354083870411)"
276,Changji Hui AP,Temp_max_oct,13.80329100743923,BCC-CSM2-MR,14.7063272736798,GFDL-ESM4,15.864353586022633,ACCESS-CM2,"(14.37579092553566, 15.160032779651647)"
277,East Kazakhstan Region,Temp_max_oct,10.836849403803582,CMCC-ESM2,12.015401740792916,MIROC6,12.917519087089955,ACCESS-CM2,"(11.489984414990017, 12.278829466653095)"
278,Govi-Altai,Temp_max_oct,9.407291944296375,BCC-CSM2-MR,10.43690864872068,GISS-E2-1-G,11.36134394989339,ACCESS-CM2,"(10.037555131372756, 10.842969998814223)"
279,Ili Kazakh Autonomous Prefecture,Temp_max_oct,11.042585249662238,CMCC-ESM2,12.007673525106958,MIROC6,12.944894695732945,ACCESS-CM2,"(11.606119020015344, 12.365673948261032)"
280,Khovd,Temp_max_oct,7.631278766957364,CMCC-ESM2,8.561182776162791,GISS-E2-1-G,9.709534732315891,HadGEM3-GC31-LL,"(8.237662944457066, 9.103210709202743)"
281,Pavlodar Region,Temp_max_oct,10.360317115118995,CMCC-ESM2,11.094198230981725,BCC-CSM2-MR,12.368752988206545,UKESM1-0-LL,"(10.757137858872653, 11.53120402362596)"
282,Tyva Republic,Temp_max_oct,2.9926662086276687,CMCC-ESM2,4.207318041114374,GISS-E2-1-G,5.445471862846258,UKESM1-0-LL,"(3.8086551610124433, 4.659399051547161)"
283,Uvs,Temp_max_oct,7.060120240480962,CMCC-ESM2,8.071302761773547,GISS-E2-1-G,9.56078250250501,HadGEM3-GC31-LL,"(7.770203834453561, 8.729013229482003)"
284,Zavkhan,Temp_max_oct,5.381647358741076,CMCC-ESM2,6.35147135643392,EC-Earth3-Veg,7.750078220224621,HadGEM3-GC31-LL,"(6.003308643153598, 6.878310619092079)"
285,Almaty Region,Temp_max_oct_std,4.002733943254527,FIO-ESM-2-0,4.025141412182165,MIROC6,4.048202517432663,EC-Earth3-Veg,"(4.013905430207538, 4.032448934427615)"
286,Altai Republic,Temp_max_oct_std,3.465799633641091,GISS-E2-1-G,3.5667647240963536,MIROC6,3.6529970297779726,UKESM1-0-LL,"(3.548774623720947, 3.6161338658370936)"
287,Altai krai,Temp_max_oct_std,1.06779442583621,BCC-CSM2-MR,1.1134505131633812,FIO-ESM-2-0,1.181840061538396,ACCESS-CM2,"(1.0992317955774296, 1.1353102697327542)"
288,Altay Prefecture,Temp_max_oct_std,4.8471903629605215,MIROC6,4.956617292541305,MPI-ESM1-2-HR,5.052383188879109,CMCC-ESM2,"(4.921042108115596, 4.999638428214515)"
289,BayanUlgii,Temp_max_oct_std,3.1451499818623447,GFDL-ESM4,3.240564223404893,CMCC-ESM2,3.269397666102585,GISS-E2-1-G,"(3.217905907976927, 3.2553655548260436)"
290,Bortala Mongol AP,Temp_max_oct_std,5.478276847042263,FIO-ESM-2-0,5.508618490713346,GFDL-ESM4,5.596622668448482,EC-Earth3-Veg,"(5.491126194484357, 5.527674528117437)"
291,Changji Hui AP,Temp_max_oct_std,4.082796993110586,CMCC-ESM2,4.119251324718796,MIROC6,4.192055099923992,EC-Earth3-Veg,"(4.101583619891558, 4.139169060082494)"
292,East Kazakhstan Region,Temp_max_oct_std,2.7264265800877903,MIROC6,2.7790666664956287,CMCC-ESM2,2.851044088359433,ACCESS-CM2,"(2.7635906878854986, 2.8057653206637063)"
293,Govi-Altai,Temp_max_oct_std,3.4634418628191708,MIROC6,3.549858187091412,MRI-ESM2-0,3.6124429366311386,CMCC-ESM2,"(3.5146016855927185, 3.570476040412525)"
294,Ili Kazakh Autonomous Prefecture,Temp_max_oct_std,5.048627548487118,MIROC6,5.11049419246292,UKESM1-0-LL,5.1952591509926815,EC-Earth3-Veg,"(5.088948442747048, 5.137828751665811)"
295,Khovd,Temp_max_oct_std,3.755266022794736,MIROC6,3.8113725798569833,MRI-ESM2-0,3.856379409416033,UKESM1-0-LL,"(3.786718940677901, 3.822257662606915)"
296,Pavlodar Region,Temp_max_oct_std,0.6045837294632165,CMCC-ESM2,0.6674214339891917,GFDL-ESM4,0.7064529258903552,INM-CM5-0,"(0.6447916736652076, 0.6838683251300909)"
297,Tyva Republic,Temp_max_oct_std,2.5066478096647438,GISS-E2-1-G,2.5519290953366807,GFDL-ESM4,2.626957706656622,HadGEM3-GC31-LL,"(2.5347484001219662, 2.5765911930564194)"
298,Uvs,Temp_max_oct_std,2.743095927175391,GISS-E2-1-G,2.83615801870712,INM-CM5-0,2.914166042563346,HadGEM3-GC31-LL,"(2.8175440938525713, 2.868670664328334)"
299,Zavkhan,Temp_max_oct_std,2.7225915368169624,GISS-E2-1-G,2.85481722986442,UKESM1-0-LL,2.9889503772016317,ACCESS-CM2,"(2.825717847052275, 2.908584906636919)"
300,Almaty Region,Temp_max_nov,5.126563245925118,CMCC-ESM2,6.814410633908477,MIROC6,7.660778298267749,UKESM1-0-LL,"(6.131049411784856, 6.975874773369824)"
301,Altai Republic,Temp_max_nov,-5.661484306248167,CMCC-ESM2,-4.5746845436711645,GFDL-ESM4,-2.9121884396083897,EC-Earth3-Veg,"(-4.895079870318997, -3.9630197391000737)"
302,Altai krai,Temp_max_nov,-2.016865064888318,CMCC-ESM2,-0.4188029968893493,MRI-ESM2-0,1.3657171460327653,UKESM1-0-LL,"(-0.951649049308714, 0.2938726168229475)"
303,Altay Prefecture,Temp_max_nov,-1.3447846297083648,CMCC-ESM2,0.221705645510519,MRI-ESM2-0,1.02591335289903,EC-Earth3-Veg,"(-0.23975956867999057, 0.6362031092595059)"
304,BayanUlgii,Temp_max_nov,-7.545789594620743,CMCC-ESM2,-6.134333881578947,GISS-E2-1-G,-5.405139197948916,EC-Earth3-Veg,"(-6.542863728330461, -5.751525653814095)"
305,Bortala Mongol AP,Temp_max_nov,1.4519650655021834,CMCC-ESM2,3.1060511540860887,MRI-ESM2-0,4.069806856285091,UKESM1-0-LL,"(2.6592364892590155, 3.540936423083827)"
306,Changji Hui AP,Temp_max_nov,1.7410519288951174,CMCC-ESM2,3.600544599355616,MRI-ESM2-0,4.307145687080888,EC-Earth3-Veg,"(3.06476214446901, 3.9759688675643243)"
307,East Kazakhstan Region,Temp_max_nov,-0.3876786319320411,CMCC-ESM2,1.0620799150042766,GFDL-ESM4,2.2661802000528275,EC-Earth3-Veg,"(0.6346752136383754, 1.6517707672181756)"
308,Govi-Altai,Temp_max_nov,-1.4767269956023454,CMCC-ESM2,0.4435287638259595,MRI-ESM2-0,0.8251599667677239,MIROC6,"(-0.29080564885791615, 0.5761197313472552)"
309,Ili Kazakh Autonomous Prefecture,Temp_max_nov,-0.3662013170070085,CMCC-ESM2,1.3544979048215493,GFDL-ESM4,2.0040586386089845,EC-Earth3-Veg,"(0.7856847039756041, 1.6482845877829007)"
310,Khovd,Temp_max_nov,-3.852422480620155,CMCC-ESM2,-2.11032960876938,MRI-ESM2-0,-1.5727325202882751,INM-CM5-0,"(-2.6920783967414845, -1.8266843271050417)"
311,Pavlodar Region,Temp_max_nov,-1.7193901817493624,CMCC-ESM2,-0.0056098649413647,MRI-ESM2-0,1.770813688642159,UKESM1-0-LL,"(-0.563092026502044, 0.6684092471341034)"
312,Tyva Republic,Temp_max_nov,-9.536788634018572,CMCC-ESM2,-7.884530766330661,MIROC6,-6.717295271450115,EC-Earth3-Veg,"(-8.507169752078727, -7.511921926442768)"
313,Uvs,Temp_max_nov,-5.4274345566132265,CMCC-ESM2,-3.970781797970942,MIROC6,-3.1016034021167336,UKESM1-0-LL,"(-4.508612268923746, -3.637859159510046)"
314,Zavkhan,Temp_max_nov,-7.635817516977189,CMCC-ESM2,-5.768988469658715,MRI-ESM2-0,-5.27543075537611,ACCESS-CM2,"(-6.409866661081467, -5.531868375468043)"
315,Almaty Region,Temp_max_nov_std,3.414705794445683,HadGEM3-GC31-LL,3.4483621079852527,CMCC-ESM2,3.509614796871425,GFDL-ESM4,"(3.4325908522111903, 3.4664293570427493)"
316,Altai Republic,Temp_max_nov_std,3.2378167187155205,GFDL-ESM4,3.376497856249168,FIO-ESM-2-0,3.570572354908764,INM-CM5-0,"(3.3258434979739873, 3.4469430923070883)"
317,Altai krai,Temp_max_nov_std,0.8850479406853333,UKESM1-0-LL,1.05298492088659,FIO-ESM-2-0,1.2193536244820968,GFDL-ESM4,"(1.0010969041547217, 1.1016265744947753)"
318,Altay Prefecture,Temp_max_nov_std,3.646409417434637,GISS-E2-1-G,3.715296255856449,INM-CM5-0,3.824398494500568,MIROC6,"(3.686398537854366, 3.7564938222614765)"
319,BayanUlgii,Temp_max_nov_std,2.484971539300672,GFDL-ESM4,2.565672001727822,MPI-ESM1-2-HR,2.625563714119065,ACCESS-CM2,"(2.542724505183115, 2.5847624853030102)"
320,Bortala Mongol AP,Temp_max_nov_std,3.6088044211808574,CMCC-ESM2,3.681050046239168,FIO-ESM-2-0,3.7699508064817615,EC-Earth3-Veg,"(3.6581708205641186, 3.7039066762656323)"
321,Changji Hui AP,Temp_max_nov_std,2.454567035594355,GISS-E2-1-G,2.5147928797296943,ACCESS-CM2,2.680360338465569,INM-CM5-0,"(2.489833519452213, 2.5572432241307843)"
322,East Kazakhstan Region,Temp_max_nov_std,2.0513077243773608,CMCC-ESM2,2.136053420836359,MIROC6,2.2579375807625643,HadGEM3-GC31-LL,"(2.1032167074064247, 2.17014832438202)"
323,Govi-Altai,Temp_max_nov_std,2.766645637948555,INM-CM5-0,2.908623990221275,BCC-CSM2-MR,2.996254630532751,MIROC6,"(2.8525867843614305, 2.939297622260799)"
324,Ili Kazakh Autonomous Prefecture,Temp_max_nov_std,3.800074570255864,CMCC-ESM2,3.876326629020167,ACCESS-CM2,3.925310657191699,UKESM1-0-LL,"(3.8491534398480334, 3.8914928890571576)"
325,Khovd,Temp_max_nov_std,2.4999084545915933,GFDL-ESM4,2.571137373244829,EC-Earth3-Veg,2.703415951105273,UKESM1-0-LL,"(2.5473877538465026, 2.6145175506884644)"
326,Pavlodar Region,Temp_max_nov_std,0.8407677499204915,UKESM1-0-LL,0.993844613336416,ACCESS-CM2,1.2333816605775625,GFDL-ESM4,"(0.9440286156772008, 1.0592712553319215)"
327,Tyva Republic,Temp_max_nov_std,1.622190952471208,GISS-E2-1-G,1.667084613367254,MPI-ESM1-2-HR,1.806550362595738,EC-Earth3-Veg,"(1.654147671145267, 1.7104590618959277)"
328,Uvs,Temp_max_nov_std,2.235972720461273,CMCC-ESM2,2.266551294963301,ACCESS-CM2,2.308031192596564,GFDL-ESM4,"(2.254668729149933, 2.2817792646574144)"
329,Zavkhan,Temp_max_nov_std,2.6101570968817014,UKESM1-0-LL,2.788759533534426,BCC-CSM2-MR,2.9858012462806727,GFDL-ESM4,"(2.741728465990611, 2.854633421367986)"
330,Almaty Region,Temp_max_dec,-1.3000137463343109,CMCC-ESM2,-0.5666439470307918,MIROC6,0.7017459043383005,UKESM1-0-LL,"(-0.904043181566525, -0.23333346055483373)"
331,Altai Republic,Temp_max_dec,-10.83269241346436,MPI-ESM1-2-HR,-10.088575278674098,FIO-ESM-2-0,-9.164814186711643,UKESM1-0-LL,"(-10.256260390805576, -9.695584062225993)"
332,Altai krai,Temp_max_dec,-6.849326187835629,MPI-ESM1-2-HR,-6.002030800062261,FIO-ESM-2-0,-4.364362924643941,UKESM1-0-LL,"(-6.2410564336938, -5.219568308129866)"
333,Altay Prefecture,Temp_max_dec,-7.985436940980096,MPI-ESM1-2-HR,-7.223280226442429,MRI-ESM2-0,-6.60163779053288,ACCESS-CM2,"(-7.4598576138196115, -7.031037114798332)"
334,BayanUlgii,Temp_max_dec,-12.99984520123839,MPI-ESM1-2-HR,-12.261919504643965,GFDL-ESM4,-11.80829624613003,UKESM1-0-LL,"(-12.521560929373152, -12.0889983183644)"
335,Bortala Mongol AP,Temp_max_dec,-4.926637798268871,BCC-CSM2-MR,-4.037741734248285,INM-CM5-0,-3.492327008928572,UKESM1-0-LL,"(-4.393293226191491, -3.916414533297929)"
336,Changji Hui AP,Temp_max_dec,-5.322736716130553,BCC-CSM2-MR,-4.624015251728835,FIO-ESM-2-0,-4.094614417435038,ACCESS-CM2,"(-4.939584742631368, -4.484046734958255)"
337,East Kazakhstan Region,Temp_max_dec,-6.152309160545381,MPI-ESM1-2-HR,-5.450805148168645,GISS-E2-1-G,-4.258829744415375,ACCESS-CM2,"(-5.621372983145082, -4.865330636992076)"
338,Govi-Altai,Temp_max_dec,-7.677825159914712,MPI-ESM1-2-HR,-7.046513526119403,EC-Earth3-Veg,-6.18363539445629,ACCESS-CM2,"(-7.200308437323911, -6.697567695405298)"
339,Ili Kazakh Autonomous Prefecture,Temp_max_dec,-6.816404051030173,MPI-ESM1-2-HR,-6.147055667360955,MRI-ESM2-0,-5.541291375816257,ACCESS-CM2,"(-6.4006198557748855, -5.973013738205158)"
340,Khovd,Temp_max_dec,-11.582247759205426,MPI-ESM1-2-HR,-10.774361070736434,MRI-ESM2-0,-10.161667272286822,ACCESS-CM2,"(-11.147092227843421, -10.65530486331639)"
341,Pavlodar Region,Temp_max_dec,-7.440671649224394,GFDL-ESM4,-6.208786821345091,FIO-ESM-2-0,-4.5035592860178495,UKESM1-0-LL,"(-6.556278390639148, -5.430184395207069)"
342,Tyva Republic,Temp_max_dec,-17.081655786173506,MPI-ESM1-2-HR,-16.29277001150885,GISS-E2-1-G,-15.38265809786491,UKESM1-0-LL,"(-16.56842197204534, -15.942753937825412)"
343,Uvs,Temp_max_dec,-16.35104114478958,MPI-ESM1-2-HR,-15.54160351953908,EC-Earth3-Veg,-14.741162011523048,UKESM1-0-LL,"(-15.841816211846897, -15.238100111183783)"
344,Zavkhan,Temp_max_dec,-15.359237604475013,MPI-ESM1-2-HR,-14.496709309158977,MRI-ESM2-0,-13.73263102907888,CMCC-ESM2,"(-14.818206341028704, -14.244832148972504)"
345,Almaty Region,Temp_max_dec_std,3.077596794126117,ACCESS-CM2,3.1362577656445816,EC-Earth3-Veg,3.2584992915081963,CMCC-ESM2,"(3.115946399500158, 3.1726361244446637)"
346,Altai Republic,Temp_max_dec_std,3.49701116186206,CMCC-ESM2,3.740614768344928,MIROC6,3.988437768852072,EC-Earth3-Veg,"(3.657020610495326, 3.8216701386468332)"
347,Altai krai,Temp_max_dec_std,1.0994501836113693,UKESM1-0-LL,1.2403393646492078,ACCESS-CM2,1.4004416631612475,GFDL-ESM4,"(1.183836949282625, 1.29939475999784)"
348,Altay Prefecture,Temp_max_dec_std,2.5410570790868894,GFDL-ESM4,2.743242539098505,UKESM1-0-LL,2.7986226977187667,FIO-ESM-2-0,"(2.6787011139916683, 2.769659030748112)"
349,BayanUlgii,Temp_max_dec_std,1.94542856481977,GFDL-ESM4,1.9660988469224223,MRI-ESM2-0,2.099940849502088,UKESM1-0-LL,"(1.95788538876882, 2.006350105760248)"
350,Bortala Mongol AP,Temp_max_dec_std,2.313660284978501,CMCC-ESM2,2.3316896010199093,BCC-CSM2-MR,2.3750190146680508,INM-CM5-0,"(2.3240806319697, 2.3457370833182134)"
351,Changji Hui AP,Temp_max_dec_std,1.6710063568268307,GFDL-ESM4,1.815040831295882,GISS-E2-1-G,1.893059493086637,CMCC-ESM2,"(1.7734492272542073, 1.8402555501732722)"
352,East Kazakhstan Region,Temp_max_dec_std,1.5734628630621794,CMCC-ESM2,1.7302410262273908,GISS-E2-1-G,1.8637384105320052,UKESM1-0-LL,"(1.6888625612112986, 1.7741269550752112)"
353,Govi-Altai,Temp_max_dec_std,2.346236005820407,CMCC-ESM2,2.506065906996105,EC-Earth3-Veg,2.6537527252193147,UKESM1-0-LL,"(2.453249958016979, 2.563092403529817)"
354,Ili Kazakh Autonomous Prefecture,Temp_max_dec_std,2.8382304030171484,CMCC-ESM2,2.9751904800493136,MRI-ESM2-0,3.0713718270477264,UKESM1-0-LL,"(2.932119588203966, 3.0088535585550598)"
355,Khovd,Temp_max_dec_std,2.0631456357562943,GFDL-ESM4,2.2326938592686383,GISS-E2-1-G,2.337382340219789,MRI-ESM2-0,"(2.189657181699184, 2.267296300543104)"
356,Pavlodar Region,Temp_max_dec_std,0.9337472064681924,UKESM1-0-LL,1.0816221951485396,EC-Earth3-Veg,1.2470053868044788,GFDL-ESM4,"(1.0183225203008581, 1.1562923218737013)"
357,Tyva Republic,Temp_max_dec_std,2.1395478438543742,CMCC-ESM2,2.2766752864897426,MPI-ESM1-2-HR,2.4277596934302124,EC-Earth3-Veg,"(2.24390378836482, 2.3236732640255244)"
358,Uvs,Temp_max_dec_std,2.702287678429617,CMCC-ESM2,2.862053905867006,MPI-ESM1-2-HR,3.0195757348030847,GFDL-ESM4,"(2.823357980889047, 2.9105519443264054)"
359,Zavkhan,Temp_max_dec_std,2.4206029767977677,UKESM1-0-LL,2.8198351143127653,ACCESS-CM2,2.8697530028094422,GFDL-ESM4,"(2.708838961185853, 2.8493303465030624)"
